title,price_gbp,price_inr,rating,in_stock,category,book_url
A Light in the Attic,,,3,True,Poetry,https://books.toscrape.com/catalogue/a-light-in-the-attic_1000/index.html
Tipping the Velvet,,,1,True,Historical Fiction,https://books.toscrape.com/catalogue/tipping-the-velvet_999/index.html
Soumission,,,1,True,Fiction,https://books.toscrape.com/catalogue/soumission_998/index.html
Sharp Objects,,,4,True,Mystery,https://books.toscrape.com/catalogue/sharp-objects_997/index.html
Sapiens: A Brief History of Humankind,,,5,True,History,https://books.toscrape.com/catalogue/sapiens-a-brief-history-of-humankind_996/index.html
The Requiem Red,,,1,True,Young Adult,https://books.toscrape.com/catalogue/the-requiem-red_995/index.html
The Dirty Little Secrets of Getting Your Dream Job,,,4,True,Business,https://books.toscrape.com/catalogue/the-dirty-little-secrets-of-getting-your-dream-job_994/index.html
"The Coming Woman: A Novel Based on the Life of the Infamous Feminist, Victoria Woodhull",,,3,True,Default,https://books.toscrape.com/catalogue/the-coming-woman-a-novel-based-on-the-life-of-the-infamous-feminist-victoria-woodhull_993/index.html
The Boys in the Boat: Nine Americans and Their Epic Quest for Gold at the 1936 Berlin Olympics,,,4,True,Default,https://books.toscrape.com/catalogue/the-boys-in-the-boat-nine-americans-and-their-epic-quest-for-gold-at-the-1936-berlin-olympics_992/index.html
The Black Maria,,,1,True,Poetry,https://books.toscrape.com/catalogue/the-black-maria_991/index.html
"Starving Hearts (Triangular Trade Trilogy, #1)",,,2,True,Default,https://books.toscrape.com/catalogue/starving-hearts-triangular-trade-trilogy-1_990/index.html
Shakespeare's Sonnets,,,4,True,Poetry,https://books.toscrape.com/catalogue/shakespeares-sonnets_989/index.html
Set Me Free,,,5,True,Young Adult,https://books.toscrape.com/catalogue/set-me-free_988/index.html
Scott Pilgrim's Precious Little Life (Scott Pilgrim #1),,,5,True,Sequential Art,https://books.toscrape.com/catalogue/scott-pilgrims-precious-little-life-scott-pilgrim-1_987/index.html
Rip it Up and Start Again,,,5,True,Music,https://books.toscrape.com/catalogue/rip-it-up-and-start-again_986/index.html
"Our Band Could Be Your Life: Scenes from the American Indie Underground, 1981-1991",,,3,True,Music,https://books.toscrape.com/catalogue/our-band-could-be-your-life-scenes-from-the-american-indie-underground-1981-1991_985/index.html
Olio,,,1,True,Poetry,https://books.toscrape.com/catalogue/olio_984/index.html
Mesaerion: The Best Science Fiction Stories 1800-1849,,,1,True,Science Fiction,https://books.toscrape.com/catalogue/mesaerion-the-best-science-fiction-stories-1800-1849_983/index.html
Libertarianism for Beginners,,,2,True,Politics,https://books.toscrape.com/catalogue/libertarianism-for-beginners_982/index.html
It's Only the Himalayas,,,2,True,Travel,https://books.toscrape.com/catalogue/its-only-the-himalayas_981/index.html
In Her Wake,,,1,True,Thriller,https://books.toscrape.com/catalogue/in-her-wake_980/index.html
How Music Works,,,2,True,Music,https://books.toscrape.com/catalogue/how-music-works_979/index.html
"Foolproof Preserving: A Guide to Small Batch Jams, Jellies, Pickles, Condiments, and More: A Foolproof Guide to Making Small Batch Jams, Jellies, Pickles, Condiments, and More",,,3,True,Food and Drink,https://books.toscrape.com/catalogue/foolproof-preserving-a-guide-to-small-batch-jams-jellies-pickles-condiments-and-more-a-foolproof-guide-to-making-small-batch-jams-jellies-pickles-condiments-and-more_978/index.html
Chase Me (Paris Nights #2),,,5,True,Romance,https://books.toscrape.com/catalogue/chase-me-paris-nights-2_977/index.html
Black Dust,,,5,True,Romance,https://books.toscrape.com/catalogue/black-dust_976/index.html
Birdsong: A Story in Pictures,,,3,True,Childrens,https://books.toscrape.com/catalogue/birdsong-a-story-in-pictures_975/index.html
America's Cradle of Quarterbacks: Western Pennsylvania's Football Factory from Johnny Unitas to Joe Montana,,,3,True,Default,https://books.toscrape.com/catalogue/americas-cradle-of-quarterbacks-western-pennsylvanias-football-factory-from-johnny-unitas-to-joe-montana_974/index.html
Aladdin and His Wonderful Lamp,,,3,True,Default,https://books.toscrape.com/catalogue/aladdin-and-his-wonderful-lamp_973/index.html
Worlds Elsewhere: Journeys Around Shakespeareâs Globe,,,5,True,Nonfiction,https://books.toscrape.com/catalogue/worlds-elsewhere-journeys-around-shakespeares-globe_972/index.html
Wall and Piece,,,4,True,Art,https://books.toscrape.com/catalogue/wall-and-piece_971/index.html
The Four Agreements: A Practical Guide to Personal Freedom,,,5,True,Spirituality,https://books.toscrape.com/catalogue/the-four-agreements-a-practical-guide-to-personal-freedom_970/index.html
The Five Love Languages: How to Express Heartfelt Commitment to Your Mate,,,3,True,Nonfiction,https://books.toscrape.com/catalogue/the-five-love-languages-how-to-express-heartfelt-commitment-to-your-mate_969/index.html
The Elephant Tree,,,5,True,Thriller,https://books.toscrape.com/catalogue/the-elephant-tree_968/index.html
The Bear and the Piano,,,1,True,Childrens,https://books.toscrape.com/catalogue/the-bear-and-the-piano_967/index.html
Sophie's World,,,5,True,Philosophy,https://books.toscrape.com/catalogue/sophies-world_966/index.html
Penny Maybe,,,3,True,Default,https://books.toscrape.com/catalogue/penny-maybe_965/index.html
Maude (1883-1993):She Grew Up with the country,,,2,True,Default,https://books.toscrape.com/catalogue/maude-1883-1993she-grew-up-with-the-country_964/index.html
"In a Dark, Dark Wood",,,1,True,Mystery,https://books.toscrape.com/catalogue/in-a-dark-dark-wood_963/index.html
Behind Closed Doors,,,4,True,Thriller,https://books.toscrape.com/catalogue/behind-closed-doors_962/index.html
You can't bury them all: Poems,,,2,True,Poetry,https://books.toscrape.com/catalogue/you-cant-bury-them-all-poems_961/index.html
Slow States of Collapse: Poems,,,3,True,Poetry,https://books.toscrape.com/catalogue/slow-states-of-collapse-poems_960/index.html
Reasons to Stay Alive,,,2,True,Nonfiction,https://books.toscrape.com/catalogue/reasons-to-stay-alive_959/index.html
Private Paris (Private #10),,,5,True,Fiction,https://books.toscrape.com/catalogue/private-paris-private-10_958/index.html
#HigherSelfie: Wake Up Your Life. Free Your Soul. Find Your Tribe.,,,5,True,Nonfiction,https://books.toscrape.com/catalogue/higherselfie-wake-up-your-life-free-your-soul-find-your-tribe_957/index.html
Without Borders (Wanderlove #1),,,2,True,New Adult,https://books.toscrape.com/catalogue/without-borders-wanderlove-1_956/index.html
When We Collided,,,1,True,Contemporary,https://books.toscrape.com/catalogue/when-we-collided_955/index.html
"We Love You, Charlie Freeman",,,5,True,Fiction,https://books.toscrape.com/catalogue/we-love-you-charlie-freeman_954/index.html
Untitled Collection: Sabbath Poems 2014,,,4,True,Poetry,https://books.toscrape.com/catalogue/untitled-collection-sabbath-poems-2014_953/index.html
"Unseen City: The Majesty of Pigeons, the Discreet Charm of Snails & Other Wonders of the Urban Wilderness",,,4,True,Nonfiction,https://books.toscrape.com/catalogue/unseen-city-the-majesty-of-pigeons-the-discreet-charm-of-snails-other-wonders-of-the-urban-wilderness_952/index.html
Unicorn Tracks,,,3,True,Fantasy,https://books.toscrape.com/catalogue/unicorn-tracks_951/index.html
"Unbound: How Eight Technologies Made Us Human, Transformed Society, and Brought Our World to the Brink",,,1,True,History,https://books.toscrape.com/catalogue/unbound-how-eight-technologies-made-us-human-transformed-society-and-brought-our-world-to-the-brink_950/index.html
Tsubasa: WoRLD CHRoNiCLE 2 (Tsubasa WoRLD CHRoNiCLE #2),,,1,True,Sequential Art,https://books.toscrape.com/catalogue/tsubasa-world-chronicle-2-tsubasa-world-chronicle-2_949/index.html
Throwing Rocks at the Google Bus: How Growth Became the Enemy of Prosperity,,,3,True,Nonfiction,https://books.toscrape.com/catalogue/throwing-rocks-at-the-google-bus-how-growth-became-the-enemy-of-prosperity_948/index.html
This One Summer,,,4,True,Sequential Art,https://books.toscrape.com/catalogue/this-one-summer_947/index.html
Thirst,,,5,True,Fiction,https://books.toscrape.com/catalogue/thirst_946/index.html
The Torch Is Passed: A Harding Family Story,,,1,True,Add a comment,https://books.toscrape.com/catalogue/the-torch-is-passed-a-harding-family-story_945/index.html
The Secret of Dreadwillow Carse,,,1,True,Childrens,https://books.toscrape.com/catalogue/the-secret-of-dreadwillow-carse_944/index.html
"The Pioneer Woman Cooks: Dinnertime: Comfort Classics, Freezer Food, 16-Minute Meals, and Other Delicious Ways to Solve Supper!",,,1,True,Food and Drink,https://books.toscrape.com/catalogue/the-pioneer-woman-cooks-dinnertime-comfort-classics-freezer-food-16-minute-meals-and-other-delicious-ways-to-solve-supper_943/index.html
The Past Never Ends,,,4,True,Mystery,https://books.toscrape.com/catalogue/the-past-never-ends_942/index.html
The Natural History of Us (The Fine Art of Pretending #2),,,3,True,Young Adult,https://books.toscrape.com/catalogue/the-natural-history-of-us-the-fine-art-of-pretending-2_941/index.html
The Nameless City (The Nameless City #1),,,4,True,Sequential Art,https://books.toscrape.com/catalogue/the-nameless-city-the-nameless-city-1_940/index.html
The Murder That Never Was (Forensic Instincts #5),,,3,True,Fiction,https://books.toscrape.com/catalogue/the-murder-that-never-was-forensic-instincts-5_939/index.html
The Most Perfect Thing: Inside (and Outside) a Bird's Egg,,,4,True,Science,https://books.toscrape.com/catalogue/the-most-perfect-thing-inside-and-outside-a-birds-egg_938/index.html
"The Mindfulness and Acceptance Workbook for Anxiety: A Guide to Breaking Free from Anxiety, Phobias, and Worry Using Acceptance and Commitment Therapy",,,4,True,Add a comment,https://books.toscrape.com/catalogue/the-mindfulness-and-acceptance-workbook-for-anxiety-a-guide-to-breaking-free-from-anxiety-phobias-and-worry-using-acceptance-and-commitment-therapy_937/index.html
The Life-Changing Magic of Tidying Up: The Japanese Art of Decluttering and Organizing,,,3,True,Nonfiction,https://books.toscrape.com/catalogue/the-life-changing-magic-of-tidying-up-the-japanese-art-of-decluttering-and-organizing_936/index.html
"The Inefficiency Assassin: Time Management Tactics for Working Smarter, Not Longer",,,5,True,Default,https://books.toscrape.com/catalogue/the-inefficiency-assassin-time-management-tactics-for-working-smarter-not-longer_935/index.html
The Gutsy Girl: Escapades for Your Life of Epic Adventure,,,1,True,Nonfiction,https://books.toscrape.com/catalogue/the-gutsy-girl-escapades-for-your-life-of-epic-adventure_934/index.html
The Electric Pencil: Drawings from Inside State Hospital No. 3,,,1,True,Nonfiction,https://books.toscrape.com/catalogue/the-electric-pencil-drawings-from-inside-state-hospital-no-3_933/index.html
The Death of Humanity: and the Case for Life,,,4,True,Philosophy,https://books.toscrape.com/catalogue/the-death-of-humanity-and-the-case-for-life_932/index.html
"The Bulletproof Diet: Lose up to a Pound a Day, Reclaim Energy and Focus, Upgrade Your Life",,,3,True,Health,https://books.toscrape.com/catalogue/the-bulletproof-diet-lose-up-to-a-pound-a-day-reclaim-energy-and-focus-upgrade-your-life_931/index.html
The Art Forger,,,3,True,Add a comment,https://books.toscrape.com/catalogue/the-art-forger_930/index.html
The Age of Genius: The Seventeenth Century and the Birth of the Modern Mind,,,1,True,History,https://books.toscrape.com/catalogue/the-age-of-genius-the-seventeenth-century-and-the-birth-of-the-modern-mind_929/index.html
The Activist's Tao Te Ching: Ancient Advice for a Modern Revolution,,,5,True,Spirituality,https://books.toscrape.com/catalogue/the-activists-tao-te-ching-ancient-advice-for-a-modern-revolution_928/index.html
Spark Joy: An Illustrated Master Class on the Art of Organizing and Tidying Up,,,4,True,Nonfiction,https://books.toscrape.com/catalogue/spark-joy-an-illustrated-master-class-on-the-art-of-organizing-and-tidying-up_927/index.html
Soul Reader,,,2,True,Default,https://books.toscrape.com/catalogue/soul-reader_926/index.html
Security,,,2,True,Horror,https://books.toscrape.com/catalogue/security_925/index.html
"Saga, Volume 6 (Saga (Collected Editions) #6)",,,3,True,Fantasy,https://books.toscrape.com/catalogue/saga-volume-6-saga-collected-editions-6_924/index.html
"Saga, Volume 5 (Saga (Collected Editions) #5)",,,2,True,Sequential Art,https://books.toscrape.com/catalogue/saga-volume-5-saga-collected-editions-5_923/index.html
Reskilling America: Learning to Labor in the Twenty-First Century,,,2,True,Nonfiction,https://books.toscrape.com/catalogue/reskilling-america-learning-to-labor-in-the-twenty-first-century_922/index.html
"Rat Queens, Vol. 3: Demons (Rat Queens (Collected Editions) #11-15)",,,3,True,Sequential Art,https://books.toscrape.com/catalogue/rat-queens-vol-3-demons-rat-queens-collected-editions-11-15_921/index.html
"Princess Jellyfish 2-in-1 Omnibus, Vol. 01 (Princess Jellyfish 2-in-1 Omnibus #1)",,,5,True,Sequential Art,https://books.toscrape.com/catalogue/princess-jellyfish-2-in-1-omnibus-vol-01-princess-jellyfish-2-in-1-omnibus-1_920/index.html
Princess Between Worlds (Wide-Awake Princess #5),,,5,True,Fantasy,https://books.toscrape.com/catalogue/princess-between-worlds-wide-awake-princess-5_919/index.html
"Pop Gun War, Volume 1: Gift",,,1,True,Sequential Art,https://books.toscrape.com/catalogue/pop-gun-war-volume-1-gift_918/index.html
"Political Suicide: Missteps, Peccadilloes, Bad Calls, Backroom Hijinx, Sordid Pasts, Rotten Breaks, and Just Plain Dumb Mistakes in the Annals of American Politics",,,2,True,History,https://books.toscrape.com/catalogue/political-suicide-missteps-peccadilloes-bad-calls-backroom-hijinx-sordid-pasts-rotten-breaks-and-just-plain-dumb-mistakes-in-the-annals-of-american-politics_917/index.html
Patience,,,3,True,Sequential Art,https://books.toscrape.com/catalogue/patience_916/index.html
"Outcast, Vol. 1: A Darkness Surrounds Him (Outcast #1)",,,4,True,Sequential Art,https://books.toscrape.com/catalogue/outcast-vol-1-a-darkness-surrounds-him-outcast-1_915/index.html
orange: The Complete Collection 1 (orange: The Complete Collection #1),,,1,True,Sequential Art,https://books.toscrape.com/catalogue/orange-the-complete-collection-1-orange-the-complete-collection-1_914/index.html
Online Marketing for Busy Authors: A Step-By-Step Guide,,,1,True,Self Help,https://books.toscrape.com/catalogue/online-marketing-for-busy-authors-a-step-by-step-guide_913/index.html
On a Midnight Clear,,,3,True,Add a comment,https://books.toscrape.com/catalogue/on-a-midnight-clear_912/index.html
Obsidian (Lux #1),,,2,True,Young Adult,https://books.toscrape.com/catalogue/obsidian-lux-1_911/index.html
My Paris Kitchen: Recipes and Stories,,,2,True,Food and Drink,https://books.toscrape.com/catalogue/my-paris-kitchen-recipes-and-stories_910/index.html
Masks and Shadows,,,2,True,Fantasy,https://books.toscrape.com/catalogue/masks-and-shadows_909/index.html
"Mama Tried: Traditional Italian Cooking for the Screwed, Crude, Vegan, and Tattooed",,,4,True,Food and Drink,https://books.toscrape.com/catalogue/mama-tried-traditional-italian-cooking-for-the-screwed-crude-vegan-and-tattooed_908/index.html
"Lumberjanes, Vol. 2: Friendship to the Max (Lumberjanes #5-8)",,,2,True,Sequential Art,https://books.toscrape.com/catalogue/lumberjanes-vol-2-friendship-to-the-max-lumberjanes-5-8_907/index.html
"Lumberjanes, Vol. 1: Beware the Kitten Holy (Lumberjanes #1-4)",,,3,True,Sequential Art,https://books.toscrape.com/catalogue/lumberjanes-vol-1-beware-the-kitten-holy-lumberjanes-1-4_906/index.html
Lumberjanes Vol. 3: A Terrible Plan (Lumberjanes #9-12),,,2,True,Sequential Art,https://books.toscrape.com/catalogue/lumberjanes-vol-3-a-terrible-plan-lumberjanes-9-12_905/index.html
"Layered: Baking, Building, and Styling Spectacular Cakes",,,1,True,Food and Drink,https://books.toscrape.com/catalogue/layered-baking-building-and-styling-spectacular-cakes_904/index.html
Judo: Seven Steps to Black Belt (an Introductory Guide for Beginners),,,2,True,Add a comment,https://books.toscrape.com/catalogue/judo-seven-steps-to-black-belt-an-introductory-guide-for-beginners_903/index.html
Join,,,5,True,Science Fiction,https://books.toscrape.com/catalogue/join_902/index.html
In the Country We Love: My Family Divided,,,4,True,Nonfiction,https://books.toscrape.com/catalogue/in-the-country-we-love-my-family-divided_901/index.html
