title,price_gbp,rating,category_name
A Light in the Attic,,3,Poetry
Tipping the Velvet,,1,Historical Fiction
Soumission,,1,Fiction
Sharp Objects,,4,Mystery
Sapiens: A Brief History of Humankind,,5,History
The Requiem Red,,1,Young Adult
The Dirty Little Secrets of Getting Your Dream Job,,4,Business
"The Coming Woman: A Novel Based on the Life of the Infamous Feminist, Victoria Woodhull",,3,Default
The Boys in the Boat: Nine Americans and Their Epic Quest for Gold at the 1936 Berlin Olympics,,4,Default
The Black Maria,,1,Poetry
